MapVersion,correctVal
1,27.62110176
2,41.26523432
3,13.51967952
4,43.67773246
5,24.58655029
6,41.97796026
7,70.74746455
8,51.21808193
9,35.76478764
10,76.14880384
11,31.60906458
12,40.9402167
13,14.06232146
14,15.47172629
15,24.12237956
16,97.97421113
17,61.08473782
18,63.54521049
19,18.640324
20,65.07262537
21,31.70810848